,Sequence,Temperature,Cooling Rate,Rule,Iteration,Final Energy,Min Energy
0,HPHPPHHPHPPHPHHPPHPH,0.0,0.5,all,0,-5,-5
0,HPHPPHHPHPPHPHHPPHPH,0.0,0.5,all,1,-6,-6
0,HPHPPHHPHPPHPHHPPHPH,0.0,0.5,all,2,-6,-6
0,HPHPPHHPHPPHPHHPPHPH,0.0,0.5,all,3,-6,-6
0,HPHPPHHPHPPHPHHPPHPH,0.0,0.5,all,4,-7,-7
0,HPHPPHHPHPPHPHHPPHPH,0.0,0.55,all,0,-8,-8
0,HPHPPHHPHPPHPHHPPHPH,0.0,0.55,all,1,-6,-6
0,HPHPPHHPHPPHPHHPPHPH,0.0,0.55,all,2,-6,-6
0,HPHPPHHPHPPHPHHPPHPH,0.0,0.55,all,3,-4,-4
0,HPHPPHHPHPPHPHHPPHPH,0.0,0.55,all,4,-5,-5
0,HPHPPHHPHPPHPHHPPHPH,0.0,0.6,all,0,-7,-7
0,HPHPPHHPHPPHPHHPPHPH,0.0,0.6,all,1,-5,-5
0,HPHPPHHPHPPHPHHPPHPH,0.0,0.6,all,2,-7,-7
0,HPHPPHHPHPPHPHHPPHPH,0.0,0.6,all,3,-7,-7
0,HPHPPHHPHPPHPHHPPHPH,0.0,0.6,all,4,-5,-5
0,HPHPPHHPHPPHPHHPPHPH,0.0,0.65,all,0,-5,-5
0,HPHPPHHPHPPHPHHPPHPH,0.0,0.65,all,1,-6,-6
0,HPHPPHHPHPPHPHHPPHPH,0.0,0.65,all,2,-3,-3
0,HPHPPHHPHPPHPHHPPHPH,0.0,0.65,all,3,-6,-6
0,HPHPPHHPHPPHPHHPPHPH,0.0,0.65,all,4,-7,-7
0,HPHPPHHPHPPHPHHPPHPH,0.0,0.7,all,0,-6,-6
0,HPHPPHHPHPPHPHHPPHPH,0.0,0.7,all,1,-4,-4
0,HPHPPHHPHPPHPHHPPHPH,0.0,0.7,all,2,-6,-6
0,HPHPPHHPHPPHPHHPPHPH,0.0,0.7,all,3,-7,-7
0,HPHPPHHPHPPHPHHPPHPH,0.0,0.7,all,4,-4,-4
0,HPHPPHHPHPPHPHHPPHPH,0.0,0.75,all,0,-5,-5
0,HPHPPHHPHPPHPHHPPHPH,0.0,0.75,all,1,-5,-5
0,HPHPPHHPHPPHPHHPPHPH,0.0,0.75,all,2,-5,-5
0,HPHPPHHPHPPHPHHPPHPH,0.0,0.75,all,3,-6,-6
0,HPHPPHHPHPPHPHHPPHPH,0.0,0.75,all,4,-6,-6
0,HPHPPHHPHPPHPHHPPHPH,0.0,0.8,all,0,-5,-5
0,HPHPPHHPHPPHPHHPPHPH,0.0,0.8,all,1,-6,-6
0,HPHPPHHPHPPHPHHPPHPH,0.0,0.8,all,2,-5,-5
0,HPHPPHHPHPPHPHHPPHPH,0.0,0.8,all,3,-6,-6
0,HPHPPHHPHPPHPHHPPHPH,0.0,0.8,all,4,-5,-5
0,HPHPPHHPHPPHPHHPPHPH,0.0,0.8500000000000001,all,0,-7,-7
0,HPHPPHHPHPPHPHHPPHPH,0.0,0.8500000000000001,all,1,-6,-6
0,HPHPPHHPHPPHPHHPPHPH,0.0,0.8500000000000001,all,2,-5,-5
0,HPHPPHHPHPPHPHHPPHPH,0.0,0.8500000000000001,all,3,-6,-6
0,HPHPPHHPHPPHPHHPPHPH,0.0,0.8500000000000001,all,4,-6,-6
0,HPHPPHHPHPPHPHHPPHPH,0.0,0.9,all,0,-6,-6
0,HPHPPHHPHPPHPHHPPHPH,0.0,0.9,all,1,-6,-6
0,HPHPPHHPHPPHPHHPPHPH,0.0,0.9,all,2,-7,-7
0,HPHPPHHPHPPHPHHPPHPH,0.0,0.9,all,3,-5,-5
0,HPHPPHHPHPPHPHHPPHPH,0.0,0.9,all,4,-6,-6
0,HPHPPHHPHPPHPHHPPHPH,0.0,0.95,all,0,-8,-8
0,HPHPPHHPHPPHPHHPPHPH,0.0,0.95,all,1,-8,-8
0,HPHPPHHPHPPHPHHPPHPH,0.0,0.95,all,2,-5,-5
0,HPHPPHHPHPPHPHHPPHPH,0.0,0.95,all,3,-7,-7
0,HPHPPHHPHPPHPHHPPHPH,0.0,0.95,all,4,-6,-6
0,HPHPPHHPHPPHPHHPPHPH,0.0,1.0,all,0,-6,-6
0,HPHPPHHPHPPHPHHPPHPH,0.0,1.0,all,1,-5,-5
0,HPHPPHHPHPPHPHHPPHPH,0.0,1.0,all,2,-7,-7
0,HPHPPHHPHPPHPHHPPHPH,0.0,1.0,all,3,-5,-5
0,HPHPPHHPHPPHPHHPPHPH,0.0,1.0,all,4,-4,-4
0,HPHPPHHPHPPHPHHPPHPH,50.0,0.5,all,0,-6,-6
0,HPHPPHHPHPPHPHHPPHPH,50.0,0.5,all,1,-7,-7
0,HPHPPHHPHPPHPHHPPHPH,50.0,0.5,all,2,-5,-5
0,HPHPPHHPHPPHPHHPPHPH,50.0,0.5,all,3,-6,-6
0,HPHPPHHPHPPHPHHPPHPH,50.0,0.5,all,4,-4,-4
0,HPHPPHHPHPPHPHHPPHPH,50.0,0.55,all,0,-5,-5
0,HPHPPHHPHPPHPHHPPHPH,50.0,0.55,all,1,-6,-6
0,HPHPPHHPHPPHPHHPPHPH,50.0,0.55,all,2,-4,-4
0,HPHPPHHPHPPHPHHPPHPH,50.0,0.55,all,3,-5,-5
0,HPHPPHHPHPPHPHHPPHPH,50.0,0.55,all,4,-6,-6
0,HPHPPHHPHPPHPHHPPHPH,50.0,0.6,all,0,-6,-6
0,HPHPPHHPHPPHPHHPPHPH,50.0,0.6,all,1,-5,-5
0,HPHPPHHPHPPHPHHPPHPH,50.0,0.6,all,2,-6,-6
0,HPHPPHHPHPPHPHHPPHPH,50.0,0.6,all,3,-6,-6
0,HPHPPHHPHPPHPHHPPHPH,50.0,0.6,all,4,-6,-6
0,HPHPPHHPHPPHPHHPPHPH,50.0,0.65,all,0,-5,-5
0,HPHPPHHPHPPHPHHPPHPH,50.0,0.65,all,1,-5,-5
0,HPHPPHHPHPPHPHHPPHPH,50.0,0.65,all,2,-5,-5
0,HPHPPHHPHPPHPHHPPHPH,50.0,0.65,all,3,-4,-4
0,HPHPPHHPHPPHPHHPPHPH,50.0,0.65,all,4,-5,-5
0,HPHPPHHPHPPHPHHPPHPH,50.0,0.7,all,0,-5,-5
0,HPHPPHHPHPPHPHHPPHPH,50.0,0.7,all,1,-7,-7
0,HPHPPHHPHPPHPHHPPHPH,50.0,0.7,all,2,-7,-7
0,HPHPPHHPHPPHPHHPPHPH,50.0,0.7,all,3,-7,-7
0,HPHPPHHPHPPHPHHPPHPH,50.0,0.7,all,4,-4,-4
0,HPHPPHHPHPPHPHHPPHPH,50.0,0.75,all,0,-5,-5
0,HPHPPHHPHPPHPHHPPHPH,50.0,0.75,all,1,-6,-6
0,HPHPPHHPHPPHPHHPPHPH,50.0,0.75,all,2,-7,-7
0,HPHPPHHPHPPHPHHPPHPH,50.0,0.75,all,3,-6,-6
0,HPHPPHHPHPPHPHHPPHPH,50.0,0.75,all,4,-5,-5
0,HPHPPHHPHPPHPHHPPHPH,50.0,0.8,all,0,-7,-7
0,HPHPPHHPHPPHPHHPPHPH,50.0,0.8,all,1,-6,-6
0,HPHPPHHPHPPHPHHPPHPH,50.0,0.8,all,2,-6,-6
0,HPHPPHHPHPPHPHHPPHPH,50.0,0.8,all,3,-7,-7
0,HPHPPHHPHPPHPHHPPHPH,50.0,0.8,all,4,-7,-7
0,HPHPPHHPHPPHPHHPPHPH,50.0,0.8500000000000001,all,0,-6,-6
0,HPHPPHHPHPPHPHHPPHPH,50.0,0.8500000000000001,all,1,-4,-4
0,HPHPPHHPHPPHPHHPPHPH,50.0,0.8500000000000001,all,2,-4,-4
0,HPHPPHHPHPPHPHHPPHPH,50.0,0.8500000000000001,all,3,-6,-6
0,HPHPPHHPHPPHPHHPPHPH,50.0,0.8500000000000001,all,4,-6,-6
0,HPHPPHHPHPPHPHHPPHPH,50.0,0.9,all,0,-5,-5
0,HPHPPHHPHPPHPHHPPHPH,50.0,0.9,all,1,-6,-6
0,HPHPPHHPHPPHPHHPPHPH,50.0,0.9,all,2,-7,-7
0,HPHPPHHPHPPHPHHPPHPH,50.0,0.9,all,3,-6,-6
0,HPHPPHHPHPPHPHHPPHPH,50.0,0.9,all,4,-8,-8
0,HPHPPHHPHPPHPHHPPHPH,50.0,0.95,all,0,-7,-7
0,HPHPPHHPHPPHPHHPPHPH,50.0,0.95,all,1,-7,-7
0,HPHPPHHPHPPHPHHPPHPH,50.0,0.95,all,2,-8,-8
0,HPHPPHHPHPPHPHHPPHPH,50.0,0.95,all,3,-7,-7
0,HPHPPHHPHPPHPHHPPHPH,50.0,0.95,all,4,-7,-7
0,HPHPPHHPHPPHPHHPPHPH,50.0,1.0,all,0,-1,-4
0,HPHPPHHPHPPHPHHPPHPH,50.0,1.0,all,1,-1,-5
0,HPHPPHHPHPPHPHHPPHPH,50.0,1.0,all,2,-1,-4
0,HPHPPHHPHPPHPHHPPHPH,50.0,1.0,all,3,0,-4
0,HPHPPHHPHPPHPHHPPHPH,50.0,1.0,all,4,-1,-4
0,HPHPPHHPHPPHPHHPPHPH,100.0,0.5,all,0,-5,-5
0,HPHPPHHPHPPHPHHPPHPH,100.0,0.5,all,1,-7,-7
0,HPHPPHHPHPPHPHHPPHPH,100.0,0.5,all,2,-7,-7
0,HPHPPHHPHPPHPHHPPHPH,100.0,0.5,all,3,-6,-6
0,HPHPPHHPHPPHPHHPPHPH,100.0,0.5,all,4,-6,-6
0,HPHPPHHPHPPHPHHPPHPH,100.0,0.55,all,0,-5,-5
0,HPHPPHHPHPPHPHHPPHPH,100.0,0.55,all,1,-6,-6
0,HPHPPHHPHPPHPHHPPHPH,100.0,0.55,all,2,-6,-6
0,HPHPPHHPHPPHPHHPPHPH,100.0,0.55,all,3,-6,-6
0,HPHPPHHPHPPHPHHPPHPH,100.0,0.55,all,4,-7,-7
0,HPHPPHHPHPPHPHHPPHPH,100.0,0.6,all,0,-6,-6
0,HPHPPHHPHPPHPHHPPHPH,100.0,0.6,all,1,-5,-5
0,HPHPPHHPHPPHPHHPPHPH,100.0,0.6,all,2,-6,-6
0,HPHPPHHPHPPHPHHPPHPH,100.0,0.6,all,3,-6,-6
0,HPHPPHHPHPPHPHHPPHPH,100.0,0.6,all,4,-8,-8
0,HPHPPHHPHPPHPHHPPHPH,100.0,0.65,all,0,-7,-7
0,HPHPPHHPHPPHPHHPPHPH,100.0,0.65,all,1,-4,-4
0,HPHPPHHPHPPHPHHPPHPH,100.0,0.65,all,2,-8,-8
0,HPHPPHHPHPPHPHHPPHPH,100.0,0.65,all,3,-4,-4
0,HPHPPHHPHPPHPHHPPHPH,100.0,0.65,all,4,-7,-7
0,HPHPPHHPHPPHPHHPPHPH,100.0,0.7,all,0,-7,-7
0,HPHPPHHPHPPHPHHPPHPH,100.0,0.7,all,1,-6,-6
0,HPHPPHHPHPPHPHHPPHPH,100.0,0.7,all,2,-6,-6
0,HPHPPHHPHPPHPHHPPHPH,100.0,0.7,all,3,-4,-4
0,HPHPPHHPHPPHPHHPPHPH,100.0,0.7,all,4,-6,-6
0,HPHPPHHPHPPHPHHPPHPH,100.0,0.75,all,0,-7,-7
0,HPHPPHHPHPPHPHHPPHPH,100.0,0.75,all,1,-5,-5
0,HPHPPHHPHPPHPHHPPHPH,100.0,0.75,all,2,-5,-5
0,HPHPPHHPHPPHPHHPPHPH,100.0,0.75,all,3,-8,-8
0,HPHPPHHPHPPHPHHPPHPH,100.0,0.75,all,4,-6,-6
0,HPHPPHHPHPPHPHHPPHPH,100.0,0.8,all,0,-6,-6
0,HPHPPHHPHPPHPHHPPHPH,100.0,0.8,all,1,-6,-6
0,HPHPPHHPHPPHPHHPPHPH,100.0,0.8,all,2,-7,-7
0,HPHPPHHPHPPHPHHPPHPH,100.0,0.8,all,3,-6,-6
0,HPHPPHHPHPPHPHHPPHPH,100.0,0.8,all,4,-5,-5
0,HPHPPHHPHPPHPHHPPHPH,100.0,0.8500000000000001,all,0,-8,-8
0,HPHPPHHPHPPHPHHPPHPH,100.0,0.8500000000000001,all,1,-7,-7
0,HPHPPHHPHPPHPHHPPHPH,100.0,0.8500000000000001,all,2,-6,-6
0,HPHPPHHPHPPHPHHPPHPH,100.0,0.8500000000000001,all,3,-5,-5
0,HPHPPHHPHPPHPHHPPHPH,100.0,0.8500000000000001,all,4,-7,-7
0,HPHPPHHPHPPHPHHPPHPH,100.0,0.9,all,0,-6,-6
0,HPHPPHHPHPPHPHHPPHPH,100.0,0.9,all,1,-6,-6
0,HPHPPHHPHPPHPHHPPHPH,100.0,0.9,all,2,-6,-6
0,HPHPPHHPHPPHPHHPPHPH,100.0,0.9,all,3,-4,-4
0,HPHPPHHPHPPHPHHPPHPH,100.0,0.9,all,4,-6,-6
0,HPHPPHHPHPPHPHHPPHPH,100.0,0.95,all,0,-7,-7
0,HPHPPHHPHPPHPHHPPHPH,100.0,0.95,all,1,-7,-7
0,HPHPPHHPHPPHPHHPPHPH,100.0,0.95,all,2,-7,-7
0,HPHPPHHPHPPHPHHPPHPH,100.0,0.95,all,3,-7,-7
0,HPHPPHHPHPPHPHHPPHPH,100.0,0.95,all,4,-5,-5
0,HPHPPHHPHPPHPHHPPHPH,100.0,1.0,all,0,0,-5
0,HPHPPHHPHPPHPHHPPHPH,100.0,1.0,all,1,0,-5
0,HPHPPHHPHPPHPHHPPHPH,100.0,1.0,all,2,-1,-5
0,HPHPPHHPHPPHPHHPPHPH,100.0,1.0,all,3,0,-4
0,HPHPPHHPHPPHPHHPPHPH,100.0,1.0,all,4,-1,-4
0,HPHPPHHPHPPHPHHPPHPH,150.0,0.5,all,0,-8,-8
0,HPHPPHHPHPPHPHHPPHPH,150.0,0.5,all,1,-6,-6
0,HPHPPHHPHPPHPHHPPHPH,150.0,0.5,all,2,-7,-7
0,HPHPPHHPHPPHPHHPPHPH,150.0,0.5,all,3,-6,-6
0,HPHPPHHPHPPHPHHPPHPH,150.0,0.5,all,4,-6,-6
0,HPHPPHHPHPPHPHHPPHPH,150.0,0.55,all,0,-8,-8
0,HPHPPHHPHPPHPHHPPHPH,150.0,0.55,all,1,-7,-7
0,HPHPPHHPHPPHPHHPPHPH,150.0,0.55,all,2,-5,-5
0,HPHPPHHPHPPHPHHPPHPH,150.0,0.55,all,3,-6,-6
0,HPHPPHHPHPPHPHHPPHPH,150.0,0.55,all,4,-5,-5
0,HPHPPHHPHPPHPHHPPHPH,150.0,0.6,all,0,-6,-6
0,HPHPPHHPHPPHPHHPPHPH,150.0,0.6,all,1,-6,-6
0,HPHPPHHPHPPHPHHPPHPH,150.0,0.6,all,2,-6,-6
0,HPHPPHHPHPPHPHHPPHPH,150.0,0.6,all,3,-5,-5
0,HPHPPHHPHPPHPHHPPHPH,150.0,0.6,all,4,-5,-5
0,HPHPPHHPHPPHPHHPPHPH,150.0,0.65,all,0,-6,-6
0,HPHPPHHPHPPHPHHPPHPH,150.0,0.65,all,1,-6,-6
0,HPHPPHHPHPPHPHHPPHPH,150.0,0.65,all,2,-7,-7
0,HPHPPHHPHPPHPHHPPHPH,150.0,0.65,all,3,-6,-6
0,HPHPPHHPHPPHPHHPPHPH,150.0,0.65,all,4,-8,-8
0,HPHPPHHPHPPHPHHPPHPH,150.0,0.7,all,0,-7,-7
0,HPHPPHHPHPPHPHHPPHPH,150.0,0.7,all,1,-7,-7
0,HPHPPHHPHPPHPHHPPHPH,150.0,0.7,all,2,-6,-6
0,HPHPPHHPHPPHPHHPPHPH,150.0,0.7,all,3,-5,-5
0,HPHPPHHPHPPHPHHPPHPH,150.0,0.7,all,4,-5,-5
0,HPHPPHHPHPPHPHHPPHPH,150.0,0.75,all,0,-5,-5
0,HPHPPHHPHPPHPHHPPHPH,150.0,0.75,all,1,-5,-5
0,HPHPPHHPHPPHPHHPPHPH,150.0,0.75,all,2,-7,-7
0,HPHPPHHPHPPHPHHPPHPH,150.0,0.75,all,3,-8,-8
0,HPHPPHHPHPPHPHHPPHPH,150.0,0.75,all,4,-7,-7
0,HPHPPHHPHPPHPHHPPHPH,150.0,0.8,all,0,-6,-6
0,HPHPPHHPHPPHPHHPPHPH,150.0,0.8,all,1,-6,-6
0,HPHPPHHPHPPHPHHPPHPH,150.0,0.8,all,2,-6,-6
0,HPHPPHHPHPPHPHHPPHPH,150.0,0.8,all,3,-6,-6
0,HPHPPHHPHPPHPHHPPHPH,150.0,0.8,all,4,-8,-8
0,HPHPPHHPHPPHPHHPPHPH,150.0,0.8500000000000001,all,0,-7,-7
0,HPHPPHHPHPPHPHHPPHPH,150.0,0.8500000000000001,all,1,-7,-7
0,HPHPPHHPHPPHPHHPPHPH,150.0,0.8500000000000001,all,2,-6,-6
0,HPHPPHHPHPPHPHHPPHPH,150.0,0.8500000000000001,all,3,-8,-8
0,HPHPPHHPHPPHPHHPPHPH,150.0,0.8500000000000001,all,4,-7,-7
0,HPHPPHHPHPPHPHHPPHPH,150.0,0.9,all,0,-7,-7
0,HPHPPHHPHPPHPHHPPHPH,150.0,0.9,all,1,-5,-5
0,HPHPPHHPHPPHPHHPPHPH,150.0,0.9,all,2,-8,-8
0,HPHPPHHPHPPHPHHPPHPH,150.0,0.9,all,3,-8,-8
0,HPHPPHHPHPPHPHHPPHPH,150.0,0.9,all,4,-5,-5
0,HPHPPHHPHPPHPHHPPHPH,150.0,0.95,all,0,-7,-7
0,HPHPPHHPHPPHPHHPPHPH,150.0,0.95,all,1,-6,-6
0,HPHPPHHPHPPHPHHPPHPH,150.0,0.95,all,2,-6,-6
0,HPHPPHHPHPPHPHHPPHPH,150.0,0.95,all,3,-5,-5
0,HPHPPHHPHPPHPHHPPHPH,150.0,0.95,all,4,-7,-7
0,HPHPPHHPHPPHPHHPPHPH,150.0,1.0,all,0,-1,-6
0,HPHPPHHPHPPHPHHPPHPH,150.0,1.0,all,1,0,-4
0,HPHPPHHPHPPHPHHPPHPH,150.0,1.0,all,2,-1,-4
0,HPHPPHHPHPPHPHHPPHPH,150.0,1.0,all,3,-1,-5
0,HPHPPHHPHPPHPHHPPHPH,150.0,1.0,all,4,-2,-5
0,HPHPPHHPHPPHPHHPPHPH,200.0,0.5,all,0,-8,-8
0,HPHPPHHPHPPHPHHPPHPH,200.0,0.5,all,1,-6,-6
0,HPHPPHHPHPPHPHHPPHPH,200.0,0.5,all,2,-6,-6
0,HPHPPHHPHPPHPHHPPHPH,200.0,0.5,all,3,-7,-7
0,HPHPPHHPHPPHPHHPPHPH,200.0,0.5,all,4,-6,-6
0,HPHPPHHPHPPHPHHPPHPH,200.0,0.55,all,0,-5,-5
0,HPHPPHHPHPPHPHHPPHPH,200.0,0.55,all,1,-6,-6
0,HPHPPHHPHPPHPHHPPHPH,200.0,0.55,all,2,-6,-6
0,HPHPPHHPHPPHPHHPPHPH,200.0,0.55,all,3,-5,-5
0,HPHPPHHPHPPHPHHPPHPH,200.0,0.55,all,4,-6,-6
0,HPHPPHHPHPPHPHHPPHPH,200.0,0.6,all,0,-6,-6
0,HPHPPHHPHPPHPHHPPHPH,200.0,0.6,all,1,-7,-7
0,HPHPPHHPHPPHPHHPPHPH,200.0,0.6,all,2,-6,-6
0,HPHPPHHPHPPHPHHPPHPH,200.0,0.6,all,3,-6,-6
0,HPHPPHHPHPPHPHHPPHPH,200.0,0.6,all,4,-7,-7
0,HPHPPHHPHPPHPHHPPHPH,200.0,0.65,all,0,-6,-6
0,HPHPPHHPHPPHPHHPPHPH,200.0,0.65,all,1,-5,-5
0,HPHPPHHPHPPHPHHPPHPH,200.0,0.65,all,2,-8,-8
0,HPHPPHHPHPPHPHHPPHPH,200.0,0.65,all,3,-7,-7
0,HPHPPHHPHPPHPHHPPHPH,200.0,0.65,all,4,-6,-6
0,HPHPPHHPHPPHPHHPPHPH,200.0,0.7,all,0,-6,-6
0,HPHPPHHPHPPHPHHPPHPH,200.0,0.7,all,1,-6,-6
0,HPHPPHHPHPPHPHHPPHPH,200.0,0.7,all,2,-5,-5
0,HPHPPHHPHPPHPHHPPHPH,200.0,0.7,all,3,-7,-7
0,HPHPPHHPHPPHPHHPPHPH,200.0,0.7,all,4,-8,-8
0,HPHPPHHPHPPHPHHPPHPH,200.0,0.75,all,0,-7,-7
0,HPHPPHHPHPPHPHHPPHPH,200.0,0.75,all,1,-5,-5
0,HPHPPHHPHPPHPHHPPHPH,200.0,0.75,all,2,-6,-6
0,HPHPPHHPHPPHPHHPPHPH,200.0,0.75,all,3,-6,-6
0,HPHPPHHPHPPHPHHPPHPH,200.0,0.75,all,4,-7,-7
0,HPHPPHHPHPPHPHHPPHPH,200.0,0.8,all,0,-7,-7
0,HPHPPHHPHPPHPHHPPHPH,200.0,0.8,all,1,-6,-6
0,HPHPPHHPHPPHPHHPPHPH,200.0,0.8,all,2,-6,-6
0,HPHPPHHPHPPHPHHPPHPH,200.0,0.8,all,3,-5,-5
0,HPHPPHHPHPPHPHHPPHPH,200.0,0.8,all,4,-8,-8
0,HPHPPHHPHPPHPHHPPHPH,200.0,0.8500000000000001,all,0,-4,-4
0,HPHPPHHPHPPHPHHPPHPH,200.0,0.8500000000000001,all,1,-6,-6
0,HPHPPHHPHPPHPHHPPHPH,200.0,0.8500000000000001,all,2,-6,-6
0,HPHPPHHPHPPHPHHPPHPH,200.0,0.8500000000000001,all,3,-6,-6
0,HPHPPHHPHPPHPHHPPHPH,200.0,0.8500000000000001,all,4,-7,-7
0,HPHPPHHPHPPHPHHPPHPH,200.0,0.9,all,0,-8,-8
0,HPHPPHHPHPPHPHHPPHPH,200.0,0.9,all,1,-7,-7
0,HPHPPHHPHPPHPHHPPHPH,200.0,0.9,all,2,-6,-6
0,HPHPPHHPHPPHPHHPPHPH,200.0,0.9,all,3,-6,-6
0,HPHPPHHPHPPHPHHPPHPH,200.0,0.9,all,4,-5,-5
0,HPHPPHHPHPPHPHHPPHPH,200.0,0.95,all,0,-7,-7
0,HPHPPHHPHPPHPHHPPHPH,200.0,0.95,all,1,-6,-6
0,HPHPPHHPHPPHPHHPPHPH,200.0,0.95,all,2,-7,-7
0,HPHPPHHPHPPHPHHPPHPH,200.0,0.95,all,3,-7,-7
0,HPHPPHHPHPPHPHHPPHPH,200.0,0.95,all,4,-6,-6
0,HPHPPHHPHPPHPHHPPHPH,200.0,1.0,all,0,0,-6
0,HPHPPHHPHPPHPHHPPHPH,200.0,1.0,all,1,0,-4
0,HPHPPHHPHPPHPHHPPHPH,200.0,1.0,all,2,-1,-5
0,HPHPPHHPHPPHPHHPPHPH,200.0,1.0,all,3,-2,-6
0,HPHPPHHPHPPHPHHPPHPH,200.0,1.0,all,4,-1,-5
0,HPHPPHHPHPPHPHHPPHPH,250.0,0.5,all,0,-6,-6
0,HPHPPHHPHPPHPHHPPHPH,250.0,0.5,all,1,-6,-6
0,HPHPPHHPHPPHPHHPPHPH,250.0,0.5,all,2,-9,-9
0,HPHPPHHPHPPHPHHPPHPH,250.0,0.5,all,3,-5,-5
0,HPHPPHHPHPPHPHHPPHPH,250.0,0.5,all,4,-5,-5
0,HPHPPHHPHPPHPHHPPHPH,250.0,0.55,all,0,-5,-5
0,HPHPPHHPHPPHPHHPPHPH,250.0,0.55,all,1,-7,-7
0,HPHPPHHPHPPHPHHPPHPH,250.0,0.55,all,2,-8,-8
0,HPHPPHHPHPPHPHHPPHPH,250.0,0.55,all,3,-6,-6
0,HPHPPHHPHPPHPHHPPHPH,250.0,0.55,all,4,-6,-6
0,HPHPPHHPHPPHPHHPPHPH,250.0,0.6,all,0,-7,-7
0,HPHPPHHPHPPHPHHPPHPH,250.0,0.6,all,1,-5,-5
0,HPHPPHHPHPPHPHHPPHPH,250.0,0.6,all,2,-6,-6
0,HPHPPHHPHPPHPHHPPHPH,250.0,0.6,all,3,-7,-7
0,HPHPPHHPHPPHPHHPPHPH,250.0,0.6,all,4,-6,-6
0,HPHPPHHPHPPHPHHPPHPH,250.0,0.65,all,0,-6,-6
0,HPHPPHHPHPPHPHHPPHPH,250.0,0.65,all,1,-6,-6
0,HPHPPHHPHPPHPHHPPHPH,250.0,0.65,all,2,-5,-5
0,HPHPPHHPHPPHPHHPPHPH,250.0,0.65,all,3,-6,-6
0,HPHPPHHPHPPHPHHPPHPH,250.0,0.65,all,4,-6,-6
0,HPHPPHHPHPPHPHHPPHPH,250.0,0.7,all,0,-7,-7
0,HPHPPHHPHPPHPHHPPHPH,250.0,0.7,all,1,-7,-7
0,HPHPPHHPHPPHPHHPPHPH,250.0,0.7,all,2,-8,-8
0,HPHPPHHPHPPHPHHPPHPH,250.0,0.7,all,3,-6,-6
0,HPHPPHHPHPPHPHHPPHPH,250.0,0.7,all,4,-7,-7
0,HPHPPHHPHPPHPHHPPHPH,250.0,0.75,all,0,-9,-9
0,HPHPPHHPHPPHPHHPPHPH,250.0,0.75,all,1,-5,-5
0,HPHPPHHPHPPHPHHPPHPH,250.0,0.75,all,2,-6,-6
0,HPHPPHHPHPPHPHHPPHPH,250.0,0.75,all,3,-6,-6
0,HPHPPHHPHPPHPHHPPHPH,250.0,0.75,all,4,-6,-6
0,HPHPPHHPHPPHPHHPPHPH,250.0,0.8,all,0,-6,-6
0,HPHPPHHPHPPHPHHPPHPH,250.0,0.8,all,1,-5,-5
0,HPHPPHHPHPPHPHHPPHPH,250.0,0.8,all,2,-5,-5
0,HPHPPHHPHPPHPHHPPHPH,250.0,0.8,all,3,-8,-8
0,HPHPPHHPHPPHPHHPPHPH,250.0,0.8,all,4,-5,-5
0,HPHPPHHPHPPHPHHPPHPH,250.0,0.8500000000000001,all,0,-5,-5
0,HPHPPHHPHPPHPHHPPHPH,250.0,0.8500000000000001,all,1,-5,-5
0,HPHPPHHPHPPHPHHPPHPH,250.0,0.8500000000000001,all,2,-6,-6
0,HPHPPHHPHPPHPHHPPHPH,250.0,0.8500000000000001,all,3,-6,-6
0,HPHPPHHPHPPHPHHPPHPH,250.0,0.8500000000000001,all,4,-8,-8
0,HPHPPHHPHPPHPHHPPHPH,250.0,0.9,all,0,-5,-5
0,HPHPPHHPHPPHPHHPPHPH,250.0,0.9,all,1,-5,-5
0,HPHPPHHPHPPHPHHPPHPH,250.0,0.9,all,2,-7,-7
0,HPHPPHHPHPPHPHHPPHPH,250.0,0.9,all,3,-5,-5
0,HPHPPHHPHPPHPHHPPHPH,250.0,0.9,all,4,-7,-7
0,HPHPPHHPHPPHPHHPPHPH,250.0,0.95,all,0,-7,-7
0,HPHPPHHPHPPHPHHPPHPH,250.0,0.95,all,1,-5,-5
0,HPHPPHHPHPPHPHHPPHPH,250.0,0.95,all,2,-7,-7
0,HPHPPHHPHPPHPHHPPHPH,250.0,0.95,all,3,-8,-8
0,HPHPPHHPHPPHPHHPPHPH,250.0,0.95,all,4,-6,-6
0,HPHPPHHPHPPHPHHPPHPH,250.0,1.0,all,0,-1,-4
0,HPHPPHHPHPPHPHHPPHPH,250.0,1.0,all,1,-3,-4
0,HPHPPHHPHPPHPHHPPHPH,250.0,1.0,all,2,0,-5
0,HPHPPHHPHPPHPHHPPHPH,250.0,1.0,all,3,-2,-6
0,HPHPPHHPHPPHPHHPPHPH,250.0,1.0,all,4,0,-5
0,HPHPPHHPHPPHPHHPPHPH,300.0,0.5,all,0,-4,-4
0,HPHPPHHPHPPHPHHPPHPH,300.0,0.5,all,1,-5,-5
0,HPHPPHHPHPPHPHHPPHPH,300.0,0.5,all,2,-7,-7
0,HPHPPHHPHPPHPHHPPHPH,300.0,0.5,all,3,-6,-6
0,HPHPPHHPHPPHPHHPPHPH,300.0,0.5,all,4,-5,-5
0,HPHPPHHPHPPHPHHPPHPH,300.0,0.55,all,0,-5,-5
0,HPHPPHHPHPPHPHHPPHPH,300.0,0.55,all,1,-8,-8
0,HPHPPHHPHPPHPHHPPHPH,300.0,0.55,all,2,-6,-6
0,HPHPPHHPHPPHPHHPPHPH,300.0,0.55,all,3,-5,-5
0,HPHPPHHPHPPHPHHPPHPH,300.0,0.55,all,4,-7,-7
0,HPHPPHHPHPPHPHHPPHPH,300.0,0.6,all,0,-4,-4
0,HPHPPHHPHPPHPHHPPHPH,300.0,0.6,all,1,-7,-7
0,HPHPPHHPHPPHPHHPPHPH,300.0,0.6,all,2,-4,-4
0,HPHPPHHPHPPHPHHPPHPH,300.0,0.6,all,3,-8,-8
0,HPHPPHHPHPPHPHHPPHPH,300.0,0.6,all,4,-4,-4
0,HPHPPHHPHPPHPHHPPHPH,300.0,0.65,all,0,-7,-7
0,HPHPPHHPHPPHPHHPPHPH,300.0,0.65,all,1,-5,-5
0,HPHPPHHPHPPHPHHPPHPH,300.0,0.65,all,2,-7,-7
0,HPHPPHHPHPPHPHHPPHPH,300.0,0.65,all,3,-6,-6
0,HPHPPHHPHPPHPHHPPHPH,300.0,0.65,all,4,-7,-7
0,HPHPPHHPHPPHPHHPPHPH,300.0,0.7,all,0,-7,-7
0,HPHPPHHPHPPHPHHPPHPH,300.0,0.7,all,1,-6,-6
0,HPHPPHHPHPPHPHHPPHPH,300.0,0.7,all,2,-6,-6
0,HPHPPHHPHPPHPHHPPHPH,300.0,0.7,all,3,-6,-6
0,HPHPPHHPHPPHPHHPPHPH,300.0,0.7,all,4,-6,-6
0,HPHPPHHPHPPHPHHPPHPH,300.0,0.75,all,0,-6,-6
0,HPHPPHHPHPPHPHHPPHPH,300.0,0.75,all,1,-5,-5
0,HPHPPHHPHPPHPHHPPHPH,300.0,0.75,all,2,-6,-6
0,HPHPPHHPHPPHPHHPPHPH,300.0,0.75,all,3,-7,-7
0,HPHPPHHPHPPHPHHPPHPH,300.0,0.75,all,4,-5,-5
0,HPHPPHHPHPPHPHHPPHPH,300.0,0.8,all,0,-7,-7
0,HPHPPHHPHPPHPHHPPHPH,300.0,0.8,all,1,-6,-6
0,HPHPPHHPHPPHPHHPPHPH,300.0,0.8,all,2,-8,-8
0,HPHPPHHPHPPHPHHPPHPH,300.0,0.8,all,3,-5,-5
0,HPHPPHHPHPPHPHHPPHPH,300.0,0.8,all,4,-6,-6
0,HPHPPHHPHPPHPHHPPHPH,300.0,0.8500000000000001,all,0,-7,-7
0,HPHPPHHPHPPHPHHPPHPH,300.0,0.8500000000000001,all,1,-5,-5
0,HPHPPHHPHPPHPHHPPHPH,300.0,0.8500000000000001,all,2,-6,-6
0,HPHPPHHPHPPHPHHPPHPH,300.0,0.8500000000000001,all,3,-6,-6
0,HPHPPHHPHPPHPHHPPHPH,300.0,0.8500000000000001,all,4,-7,-7
0,HPHPPHHPHPPHPHHPPHPH,300.0,0.9,all,0,-6,-6
0,HPHPPHHPHPPHPHHPPHPH,300.0,0.9,all,1,-5,-5
0,HPHPPHHPHPPHPHHPPHPH,300.0,0.9,all,2,-7,-7
0,HPHPPHHPHPPHPHHPPHPH,300.0,0.9,all,3,-6,-6
0,HPHPPHHPHPPHPHHPPHPH,300.0,0.9,all,4,-6,-6
0,HPHPPHHPHPPHPHHPPHPH,300.0,0.95,all,0,-7,-7
0,HPHPPHHPHPPHPHHPPHPH,300.0,0.95,all,1,-6,-6
0,HPHPPHHPHPPHPHHPPHPH,300.0,0.95,all,2,-6,-6
0,HPHPPHHPHPPHPHHPPHPH,300.0,0.95,all,3,-8,-8
0,HPHPPHHPHPPHPHHPPHPH,300.0,0.95,all,4,-5,-5
0,HPHPPHHPHPPHPHHPPHPH,300.0,1.0,all,0,-2,-4
0,HPHPPHHPHPPHPHHPPHPH,300.0,1.0,all,1,-1,-5
0,HPHPPHHPHPPHPHHPPHPH,300.0,1.0,all,2,-2,-6
0,HPHPPHHPHPPHPHHPPHPH,300.0,1.0,all,3,0,-4
0,HPHPPHHPHPPHPHHPPHPH,300.0,1.0,all,4,-2,-4
0,HPHPPHHPHPPHPHHPPHPH,350.0,0.5,all,0,-5,-5
0,HPHPPHHPHPPHPHHPPHPH,350.0,0.5,all,1,-6,-6
0,HPHPPHHPHPPHPHHPPHPH,350.0,0.5,all,2,-7,-7
0,HPHPPHHPHPPHPHHPPHPH,350.0,0.5,all,3,-7,-7
0,HPHPPHHPHPPHPHHPPHPH,350.0,0.5,all,4,-6,-6
0,HPHPPHHPHPPHPHHPPHPH,350.0,0.55,all,0,-7,-7
0,HPHPPHHPHPPHPHHPPHPH,350.0,0.55,all,1,-6,-6
0,HPHPPHHPHPPHPHHPPHPH,350.0,0.55,all,2,-6,-6
0,HPHPPHHPHPPHPHHPPHPH,350.0,0.55,all,3,-6,-6
0,HPHPPHHPHPPHPHHPPHPH,350.0,0.55,all,4,-5,-5
0,HPHPPHHPHPPHPHHPPHPH,350.0,0.6,all,0,-5,-5
0,HPHPPHHPHPPHPHHPPHPH,350.0,0.6,all,1,-6,-6
0,HPHPPHHPHPPHPHHPPHPH,350.0,0.6,all,2,-6,-6
0,HPHPPHHPHPPHPHHPPHPH,350.0,0.6,all,3,-6,-6
0,HPHPPHHPHPPHPHHPPHPH,350.0,0.6,all,4,-6,-6
0,HPHPPHHPHPPHPHHPPHPH,350.0,0.65,all,0,-5,-5
0,HPHPPHHPHPPHPHHPPHPH,350.0,0.65,all,1,-5,-5
0,HPHPPHHPHPPHPHHPPHPH,350.0,0.65,all,2,-6,-6
0,HPHPPHHPHPPHPHHPPHPH,350.0,0.65,all,3,-5,-5
0,HPHPPHHPHPPHPHHPPHPH,350.0,0.65,all,4,-6,-6
0,HPHPPHHPHPPHPHHPPHPH,350.0,0.7,all,0,-8,-8
0,HPHPPHHPHPPHPHHPPHPH,350.0,0.7,all,1,-5,-5
0,HPHPPHHPHPPHPHHPPHPH,350.0,0.7,all,2,-7,-7
0,HPHPPHHPHPPHPHHPPHPH,350.0,0.7,all,3,-6,-6
0,HPHPPHHPHPPHPHHPPHPH,350.0,0.7,all,4,-5,-5
0,HPHPPHHPHPPHPHHPPHPH,350.0,0.75,all,0,-5,-5
0,HPHPPHHPHPPHPHHPPHPH,350.0,0.75,all,1,-7,-7
0,HPHPPHHPHPPHPHHPPHPH,350.0,0.75,all,2,-6,-6
0,HPHPPHHPHPPHPHHPPHPH,350.0,0.75,all,3,-8,-8
0,HPHPPHHPHPPHPHHPPHPH,350.0,0.75,all,4,-4,-4
0,HPHPPHHPHPPHPHHPPHPH,350.0,0.8,all,0,-6,-6
0,HPHPPHHPHPPHPHHPPHPH,350.0,0.8,all,1,-6,-6
0,HPHPPHHPHPPHPHHPPHPH,350.0,0.8,all,2,-7,-7
0,HPHPPHHPHPPHPHHPPHPH,350.0,0.8,all,3,-7,-7
0,HPHPPHHPHPPHPHHPPHPH,350.0,0.8,all,4,-7,-7
0,HPHPPHHPHPPHPHHPPHPH,350.0,0.8500000000000001,all,0,-5,-5
0,HPHPPHHPHPPHPHHPPHPH,350.0,0.8500000000000001,all,1,-5,-5
0,HPHPPHHPHPPHPHHPPHPH,350.0,0.8500000000000001,all,2,-4,-4
0,HPHPPHHPHPPHPHHPPHPH,350.0,0.8500000000000001,all,3,-5,-5
0,HPHPPHHPHPPHPHHPPHPH,350.0,0.8500000000000001,all,4,-7,-7
0,HPHPPHHPHPPHPHHPPHPH,350.0,0.9,all,0,-4,-4
0,HPHPPHHPHPPHPHHPPHPH,350.0,0.9,all,1,-6,-6
0,HPHPPHHPHPPHPHHPPHPH,350.0,0.9,all,2,-7,-7
0,HPHPPHHPHPPHPHHPPHPH,350.0,0.9,all,3,-7,-7
0,HPHPPHHPHPPHPHHPPHPH,350.0,0.9,all,4,-5,-5
0,HPHPPHHPHPPHPHHPPHPH,350.0,0.95,all,0,-8,-8
0,HPHPPHHPHPPHPHHPPHPH,350.0,0.95,all,1,-5,-5
0,HPHPPHHPHPPHPHHPPHPH,350.0,0.95,all,2,-7,-7
0,HPHPPHHPHPPHPHHPPHPH,350.0,0.95,all,3,-7,-7
0,HPHPPHHPHPPHPHHPPHPH,350.0,0.95,all,4,-7,-7
0,HPHPPHHPHPPHPHHPPHPH,350.0,1.0,all,0,-1,-5
0,HPHPPHHPHPPHPHHPPHPH,350.0,1.0,all,1,0,-4
0,HPHPPHHPHPPHPHHPPHPH,350.0,1.0,all,2,0,-4
0,HPHPPHHPHPPHPHHPPHPH,350.0,1.0,all,3,-1,-6
0,HPHPPHHPHPPHPHHPPHPH,350.0,1.0,all,4,-1,-4
0,HPHPPHHPHPPHPHHPPHPH,400.0,0.5,all,0,-5,-5
0,HPHPPHHPHPPHPHHPPHPH,400.0,0.5,all,1,-5,-5
0,HPHPPHHPHPPHPHHPPHPH,400.0,0.5,all,2,-6,-6
0,HPHPPHHPHPPHPHHPPHPH,400.0,0.5,all,3,-5,-5
0,HPHPPHHPHPPHPHHPPHPH,400.0,0.5,all,4,-5,-5
0,HPHPPHHPHPPHPHHPPHPH,400.0,0.55,all,0,-4,-4
0,HPHPPHHPHPPHPHHPPHPH,400.0,0.55,all,1,-7,-7
0,HPHPPHHPHPPHPHHPPHPH,400.0,0.55,all,2,-4,-4
0,HPHPPHHPHPPHPHHPPHPH,400.0,0.55,all,3,-7,-7
0,HPHPPHHPHPPHPHHPPHPH,400.0,0.55,all,4,-6,-6
0,HPHPPHHPHPPHPHHPPHPH,400.0,0.6,all,0,-5,-5
0,HPHPPHHPHPPHPHHPPHPH,400.0,0.6,all,1,-6,-6
0,HPHPPHHPHPPHPHHPPHPH,400.0,0.6,all,2,-6,-6
0,HPHPPHHPHPPHPHHPPHPH,400.0,0.6,all,3,-8,-8
0,HPHPPHHPHPPHPHHPPHPH,400.0,0.6,all,4,-6,-6
0,HPHPPHHPHPPHPHHPPHPH,400.0,0.65,all,0,-6,-6
0,HPHPPHHPHPPHPHHPPHPH,400.0,0.65,all,1,-5,-5
0,HPHPPHHPHPPHPHHPPHPH,400.0,0.65,all,2,-6,-6
0,HPHPPHHPHPPHPHHPPHPH,400.0,0.65,all,3,-5,-5
0,HPHPPHHPHPPHPHHPPHPH,400.0,0.65,all,4,-7,-7
0,HPHPPHHPHPPHPHHPPHPH,400.0,0.7,all,0,-4,-4
0,HPHPPHHPHPPHPHHPPHPH,400.0,0.7,all,1,-5,-5
0,HPHPPHHPHPPHPHHPPHPH,400.0,0.7,all,2,-5,-5
0,HPHPPHHPHPPHPHHPPHPH,400.0,0.7,all,3,-5,-5
0,HPHPPHHPHPPHPHHPPHPH,400.0,0.7,all,4,-6,-6
0,HPHPPHHPHPPHPHHPPHPH,400.0,0.75,all,0,-8,-8
0,HPHPPHHPHPPHPHHPPHPH,400.0,0.75,all,1,-6,-6
0,HPHPPHHPHPPHPHHPPHPH,400.0,0.75,all,2,-5,-5
0,HPHPPHHPHPPHPHHPPHPH,400.0,0.75,all,3,-7,-7
0,HPHPPHHPHPPHPHHPPHPH,400.0,0.75,all,4,-7,-7
0,HPHPPHHPHPPHPHHPPHPH,400.0,0.8,all,0,-6,-6
0,HPHPPHHPHPPHPHHPPHPH,400.0,0.8,all,1,-6,-6
0,HPHPPHHPHPPHPHHPPHPH,400.0,0.8,all,2,-6,-6
0,HPHPPHHPHPPHPHHPPHPH,400.0,0.8,all,3,-4,-4
0,HPHPPHHPHPPHPHHPPHPH,400.0,0.8,all,4,-5,-5
0,HPHPPHHPHPPHPHHPPHPH,400.0,0.8500000000000001,all,0,-6,-6
0,HPHPPHHPHPPHPHHPPHPH,400.0,0.8500000000000001,all,1,-6,-6
0,HPHPPHHPHPPHPHHPPHPH,400.0,0.8500000000000001,all,2,-5,-5
0,HPHPPHHPHPPHPHHPPHPH,400.0,0.8500000000000001,all,3,-5,-5
0,HPHPPHHPHPPHPHHPPHPH,400.0,0.8500000000000001,all,4,-7,-7
0,HPHPPHHPHPPHPHHPPHPH,400.0,0.9,all,0,-7,-7
0,HPHPPHHPHPPHPHHPPHPH,400.0,0.9,all,1,-6,-6
0,HPHPPHHPHPPHPHHPPHPH,400.0,0.9,all,2,-6,-6
0,HPHPPHHPHPPHPHHPPHPH,400.0,0.9,all,3,-4,-4
0,HPHPPHHPHPPHPHHPPHPH,400.0,0.9,all,4,-7,-7
0,HPHPPHHPHPPHPHHPPHPH,400.0,0.95,all,0,-8,-8
0,HPHPPHHPHPPHPHHPPHPH,400.0,0.95,all,1,-6,-6
0,HPHPPHHPHPPHPHHPPHPH,400.0,0.95,all,2,-5,-5
0,HPHPPHHPHPPHPHHPPHPH,400.0,0.95,all,3,-5,-5
0,HPHPPHHPHPPHPHHPPHPH,400.0,0.95,all,4,-7,-7
0,HPHPPHHPHPPHPHHPPHPH,400.0,1.0,all,0,0,-5
0,HPHPPHHPHPPHPHHPPHPH,400.0,1.0,all,1,0,-5
0,HPHPPHHPHPPHPHHPPHPH,400.0,1.0,all,2,0,-6
0,HPHPPHHPHPPHPHHPPHPH,400.0,1.0,all,3,0,-5
0,HPHPPHHPHPPHPHHPPHPH,400.0,1.0,all,4,0,-5
0,HPHPPHHPHPPHPHHPPHPH,450.0,0.5,all,0,-6,-6
0,HPHPPHHPHPPHPHHPPHPH,450.0,0.5,all,1,-5,-5
0,HPHPPHHPHPPHPHHPPHPH,450.0,0.5,all,2,-5,-5
0,HPHPPHHPHPPHPHHPPHPH,450.0,0.5,all,3,-7,-7
0,HPHPPHHPHPPHPHHPPHPH,450.0,0.5,all,4,-7,-7
0,HPHPPHHPHPPHPHHPPHPH,450.0,0.55,all,0,-5,-5
0,HPHPPHHPHPPHPHHPPHPH,450.0,0.55,all,1,-4,-4
0,HPHPPHHPHPPHPHHPPHPH,450.0,0.55,all,2,-5,-5
0,HPHPPHHPHPPHPHHPPHPH,450.0,0.55,all,3,-6,-6
0,HPHPPHHPHPPHPHHPPHPH,450.0,0.55,all,4,-5,-5
0,HPHPPHHPHPPHPHHPPHPH,450.0,0.6,all,0,-6,-6
0,HPHPPHHPHPPHPHHPPHPH,450.0,0.6,all,1,-6,-6
0,HPHPPHHPHPPHPHHPPHPH,450.0,0.6,all,2,-5,-5
0,HPHPPHHPHPPHPHHPPHPH,450.0,0.6,all,3,-8,-8
0,HPHPPHHPHPPHPHHPPHPH,450.0,0.6,all,4,-6,-6
0,HPHPPHHPHPPHPHHPPHPH,450.0,0.65,all,0,-7,-7
0,HPHPPHHPHPPHPHHPPHPH,450.0,0.65,all,1,-5,-5
0,HPHPPHHPHPPHPHHPPHPH,450.0,0.65,all,2,-7,-7
0,HPHPPHHPHPPHPHHPPHPH,450.0,0.65,all,3,-6,-6
0,HPHPPHHPHPPHPHHPPHPH,450.0,0.65,all,4,-7,-7
0,HPHPPHHPHPPHPHHPPHPH,450.0,0.7,all,0,-6,-6
0,HPHPPHHPHPPHPHHPPHPH,450.0,0.7,all,1,-6,-6
0,HPHPPHHPHPPHPHHPPHPH,450.0,0.7,all,2,-6,-6
0,HPHPPHHPHPPHPHHPPHPH,450.0,0.7,all,3,-6,-6
0,HPHPPHHPHPPHPHHPPHPH,450.0,0.7,all,4,-6,-6
0,HPHPPHHPHPPHPHHPPHPH,450.0,0.75,all,0,-7,-7
0,HPHPPHHPHPPHPHHPPHPH,450.0,0.75,all,1,-5,-5
0,HPHPPHHPHPPHPHHPPHPH,450.0,0.75,all,2,-8,-8
0,HPHPPHHPHPPHPHHPPHPH,450.0,0.75,all,3,-7,-7
0,HPHPPHHPHPPHPHHPPHPH,450.0,0.75,all,4,-7,-7
0,HPHPPHHPHPPHPHHPPHPH,450.0,0.8,all,0,-6,-6
0,HPHPPHHPHPPHPHHPPHPH,450.0,0.8,all,1,-5,-5
0,HPHPPHHPHPPHPHHPPHPH,450.0,0.8,all,2,-4,-4
0,HPHPPHHPHPPHPHHPPHPH,450.0,0.8,all,3,-5,-5
0,HPHPPHHPHPPHPHHPPHPH,450.0,0.8,all,4,-5,-5
0,HPHPPHHPHPPHPHHPPHPH,450.0,0.8500000000000001,all,0,-5,-5
0,HPHPPHHPHPPHPHHPPHPH,450.0,0.8500000000000001,all,1,-6,-6
0,HPHPPHHPHPPHPHHPPHPH,450.0,0.8500000000000001,all,2,-6,-6
0,HPHPPHHPHPPHPHHPPHPH,450.0,0.8500000000000001,all,3,-6,-6
0,HPHPPHHPHPPHPHHPPHPH,450.0,0.8500000000000001,all,4,-4,-4
0,HPHPPHHPHPPHPHHPPHPH,450.0,0.9,all,0,-6,-6
0,HPHPPHHPHPPHPHHPPHPH,450.0,0.9,all,1,-6,-6
0,HPHPPHHPHPPHPHHPPHPH,450.0,0.9,all,2,-7,-7
0,HPHPPHHPHPPHPHHPPHPH,450.0,0.9,all,3,-7,-7
0,HPHPPHHPHPPHPHHPPHPH,450.0,0.9,all,4,-8,-8
0,HPHPPHHPHPPHPHHPPHPH,450.0,0.95,all,0,-6,-6
0,HPHPPHHPHPPHPHHPPHPH,450.0,0.95,all,1,-6,-6
0,HPHPPHHPHPPHPHHPPHPH,450.0,0.95,all,2,-6,-6
0,HPHPPHHPHPPHPHHPPHPH,450.0,0.95,all,3,-8,-8
0,HPHPPHHPHPPHPHHPPHPH,450.0,0.95,all,4,-6,-6
0,HPHPPHHPHPPHPHHPPHPH,450.0,1.0,all,0,-1,-4
0,HPHPPHHPHPPHPHHPPHPH,450.0,1.0,all,1,-1,-4
0,HPHPPHHPHPPHPHHPPHPH,450.0,1.0,all,2,0,-4
0,HPHPPHHPHPPHPHHPPHPH,450.0,1.0,all,3,0,-3
0,HPHPPHHPHPPHPHHPPHPH,450.0,1.0,all,4,-1,-5
0,HPHPPHHPHPPHPHHPPHPH,500.0,0.5,all,0,-5,-5
0,HPHPPHHPHPPHPHHPPHPH,500.0,0.5,all,1,-6,-6
0,HPHPPHHPHPPHPHHPPHPH,500.0,0.5,all,2,-7,-7
0,HPHPPHHPHPPHPHHPPHPH,500.0,0.5,all,3,-5,-5
0,HPHPPHHPHPPHPHHPPHPH,500.0,0.5,all,4,-6,-6
0,HPHPPHHPHPPHPHHPPHPH,500.0,0.55,all,0,-6,-6
0,HPHPPHHPHPPHPHHPPHPH,500.0,0.55,all,1,-5,-5
0,HPHPPHHPHPPHPHHPPHPH,500.0,0.55,all,2,-6,-6
0,HPHPPHHPHPPHPHHPPHPH,500.0,0.55,all,3,-6,-6
0,HPHPPHHPHPPHPHHPPHPH,500.0,0.55,all,4,-8,-8
0,HPHPPHHPHPPHPHHPPHPH,500.0,0.6,all,0,-6,-6
0,HPHPPHHPHPPHPHHPPHPH,500.0,0.6,all,1,-6,-6
0,HPHPPHHPHPPHPHHPPHPH,500.0,0.6,all,2,-7,-7
0,HPHPPHHPHPPHPHHPPHPH,500.0,0.6,all,3,-6,-6
0,HPHPPHHPHPPHPHHPPHPH,500.0,0.6,all,4,-5,-5
0,HPHPPHHPHPPHPHHPPHPH,500.0,0.65,all,0,-5,-5
0,HPHPPHHPHPPHPHHPPHPH,500.0,0.65,all,1,-6,-6
0,HPHPPHHPHPPHPHHPPHPH,500.0,0.65,all,2,-5,-5
0,HPHPPHHPHPPHPHHPPHPH,500.0,0.65,all,3,-7,-7
0,HPHPPHHPHPPHPHHPPHPH,500.0,0.65,all,4,-7,-7
0,HPHPPHHPHPPHPHHPPHPH,500.0,0.7,all,0,-3,-3
0,HPHPPHHPHPPHPHHPPHPH,500.0,0.7,all,1,-7,-7
0,HPHPPHHPHPPHPHHPPHPH,500.0,0.7,all,2,-5,-5
0,HPHPPHHPHPPHPHHPPHPH,500.0,0.7,all,3,-7,-7
0,HPHPPHHPHPPHPHHPPHPH,500.0,0.7,all,4,-7,-7
0,HPHPPHHPHPPHPHHPPHPH,500.0,0.75,all,0,-7,-7
0,HPHPPHHPHPPHPHHPPHPH,500.0,0.75,all,1,-6,-6
0,HPHPPHHPHPPHPHHPPHPH,500.0,0.75,all,2,-5,-5
0,HPHPPHHPHPPHPHHPPHPH,500.0,0.75,all,3,-6,-6
0,HPHPPHHPHPPHPHHPPHPH,500.0,0.75,all,4,-7,-7
0,HPHPPHHPHPPHPHHPPHPH,500.0,0.8,all,0,-7,-7
0,HPHPPHHPHPPHPHHPPHPH,500.0,0.8,all,1,-7,-7
0,HPHPPHHPHPPHPHHPPHPH,500.0,0.8,all,2,-8,-8
0,HPHPPHHPHPPHPHHPPHPH,500.0,0.8,all,3,-6,-6
0,HPHPPHHPHPPHPHHPPHPH,500.0,0.8,all,4,-7,-7
0,HPHPPHHPHPPHPHHPPHPH,500.0,0.8500000000000001,all,0,-7,-7
0,HPHPPHHPHPPHPHHPPHPH,500.0,0.8500000000000001,all,1,-8,-8
0,HPHPPHHPHPPHPHHPPHPH,500.0,0.8500000000000001,all,2,-7,-7
0,HPHPPHHPHPPHPHHPPHPH,500.0,0.8500000000000001,all,3,-5,-5
0,HPHPPHHPHPPHPHHPPHPH,500.0,0.8500000000000001,all,4,-8,-8
0,HPHPPHHPHPPHPHHPPHPH,500.0,0.9,all,0,-8,-8
0,HPHPPHHPHPPHPHHPPHPH,500.0,0.9,all,1,-7,-7
0,HPHPPHHPHPPHPHHPPHPH,500.0,0.9,all,2,-6,-6
0,HPHPPHHPHPPHPHHPPHPH,500.0,0.9,all,3,-6,-6
0,HPHPPHHPHPPHPHHPPHPH,500.0,0.9,all,4,-6,-6
0,HPHPPHHPHPPHPHHPPHPH,500.0,0.95,all,0,-7,-7
0,HPHPPHHPHPPHPHHPPHPH,500.0,0.95,all,1,-6,-6
0,HPHPPHHPHPPHPHHPPHPH,500.0,0.95,all,2,-5,-5
0,HPHPPHHPHPPHPHHPPHPH,500.0,0.95,all,3,-7,-7
0,HPHPPHHPHPPHPHHPPHPH,500.0,0.95,all,4,-6,-6
0,HPHPPHHPHPPHPHHPPHPH,500.0,1.0,all,0,-2,-5
0,HPHPPHHPHPPHPHHPPHPH,500.0,1.0,all,1,-1,-4
0,HPHPPHHPHPPHPHHPPHPH,500.0,1.0,all,2,-1,-4
0,HPHPPHHPHPPHPHHPPHPH,500.0,1.0,all,3,-2,-5
0,HPHPPHHPHPPHPHHPPHPH,500.0,1.0,all,4,0,-4
